case_id,condition_id,domain,error_episodes,ever_failed,family,final_apparent_authority,final_state,first_failure_step,first_failure_triggering_event_type,max_simultaneous_errors,profile_id,retained_failed_updates,run_id,self_repair_count,source_run,updates,writer,writer_target
procurement_v1_software_license_grant,incremental_typed,procurement,0,false,procurement_v1_software_license_grant,false,C,,,0,profile_e3d44f27d6ce947d151dff09,0,procurement:nemotron_3_ultra_baseten,0,/Users/tommasocerruti/Workspace/eal-bench/results/procurement/20260809-005257-869522__authorization-memory-writer__procurement-v1-transfer-nemotron-3-ultra,5,Nemotron 3 Ultra,nemotron_3_ultra_baseten
procurement_v1_facilities_emergency_grant,incremental_typed,procurement,0,false,procurement_v1_facilities_emergency_grant,false,C,,,0,profile_1328ea73fe03bead90c7ecda,0,procurement:nemotron_3_ultra_baseten,0,/Users/tommasocerruti/Workspace/eal-bench/results/procurement/20260809-005257-869522__authorization-memory-writer__procurement-v1-transfer-nemotron-3-ultra,6,Nemotron 3 Ultra,nemotron_3_ultra_baseten
procurement_v1_cloud_spend_narrowing,incremental_typed,procurement,0,false,procurement_v1_cloud_spend_narrowing,false,C,,,0,profile_0b1036603108948b61786225,0,procurement:nemotron_3_ultra_baseten,0,/Users/tommasocerruti/Workspace/eal-bench/results/procurement/20260809-005257-869522__authorization-memory-writer__procurement-v1-transfer-nemotron-3-ultra,6,Nemotron 3 Ultra,nemotron_3_ultra_baseten
procurement_v1_reagent_window_narrowing,incremental_typed,procurement,0,false,procurement_v1_reagent_window_narrowing,false,C,,,0,profile_55888e1489fed207e3dc9949,0,procurement:nemotron_3_ultra_baseten,0,/Users/tommasocerruti/Workspace/eal-bench/results/procurement/20260809-005257-869522__authorization-memory-writer__procurement-v1-transfer-nemotron-3-ultra,5,Nemotron 3 Ultra,nemotron_3_ultra_baseten
procurement_v1_catering_category_narrowing,incremental_typed,procurement,1,true,procurement_v1_catering_category_narrowing,false,I,4,non_authorization_update,1,profile_b7fd0f4e213470234a04ddf3,0,procurement:nemotron_3_ultra_baseten,0,/Users/tommasocerruti/Workspace/eal-bench/results/procurement/20260809-005257-869522__authorization-memory-writer__procurement-v1-transfer-nemotron-3-ultra,5,Nemotron 3 Ultra,nemotron_3_ultra_baseten
procurement_v1_freight_vendor_change,incremental_typed,procurement,1,true,procurement_v1_freight_vendor_change,true,I,5,non_authorization_update,2,profile_8f55c9ec04780c2cfd72f04c,0,procurement:nemotron_3_ultra_baseten,0,/Users/tommasocerruti/Workspace/eal-bench/results/procurement/20260809-005257-869522__authorization-memory-writer__procurement-v1-transfer-nemotron-3-ultra,6,Nemotron 3 Ultra,nemotron_3_ultra_baseten
procurement_v1_print_budget_narrowing,incremental_typed,procurement,1,true,procurement_v1_print_budget_narrowing,true,I,4,non_authorization_update,3,profile_b752a5a91756e32bc14c2a95,0,procurement:nemotron_3_ultra_baseten,0,/Users/tommasocerruti/Workspace/eal-bench/results/procurement/20260809-005257-869522__authorization-memory-writer__procurement-v1-transfer-nemotron-3-ultra,5,Nemotron 3 Ultra,nemotron_3_ultra_baseten
procurement_v1_spare_parts_time_shift,incremental_typed,procurement,1,true,procurement_v1_spare_parts_time_shift,true,I,5,non_authorization_update,1,profile_582a568eed9343714f8ce95a,0,procurement:nemotron_3_ultra_baseten,0,/Users/tommasocerruti/Workspace/eal-bench/results/procurement/20260809-005257-869522__authorization-memory-writer__procurement-v1-transfer-nemotron-3-ultra,6,Nemotron 3 Ultra,nemotron_3_ultra_baseten
procurement_v1_hardware_revoke_replace,incremental_typed,procurement,1,true,procurement_v1_hardware_revoke_replace,true,I,3,revocation,3,profile_b63a6a60848aac2446ebf62a,0,procurement:nemotron_3_ultra_baseten,0,/Users/tommasocerruti/Workspace/eal-bench/results/procurement/20260809-005257-869522__authorization-memory-writer__procurement-v1-transfer-nemotron-3-ultra,6,Nemotron 3 Ultra,nemotron_3_ultra_baseten
procurement_v1_calibration_revoke_replace,incremental_typed,procurement,1,true,procurement_v1_calibration_revoke_replace,true,I,4,non_authorization_update,2,profile_cc666cf384c3f02604bd7662,0,procurement:nemotron_3_ultra_baseten,0,/Users/tommasocerruti/Workspace/eal-bench/results/procurement/20260809-005257-869522__authorization-memory-writer__procurement-v1-transfer-nemotron-3-ultra,5,Nemotron 3 Ultra,nemotron_3_ultra_baseten
procurement_v1_staffing_category_narrowing,incremental_typed,procurement,1,true,procurement_v1_staffing_category_narrowing,true,I,5,non_authorization_update,2,profile_b323829fa50a25a5ce48ab22,0,procurement:nemotron_3_ultra_baseten,0,/Users/tommasocerruti/Workspace/eal-bench/results/procurement/20260809-005257-869522__authorization-memory-writer__procurement-v1-transfer-nemotron-3-ultra,6,Nemotron 3 Ultra,nemotron_3_ultra_baseten
procurement_v1_relocation_revoke_replace,incremental_typed,procurement,1,true,procurement_v1_relocation_revoke_replace,false,I,1,grant,3,profile_4e9f25ffcb9eb7da12419c88,0,procurement:nemotron_3_ultra_baseten,0,/Users/tommasocerruti/Workspace/eal-bench/results/procurement/20260809-005257-869522__authorization-memory-writer__procurement-v1-transfer-nemotron-3-ultra,5,Nemotron 3 Ultra,nemotron_3_ultra_baseten
procurement_v1_software_license_grant,incremental_typed,procurement,0,false,procurement_v1_software_license_grant,false,C,,,0,profile_02ee8693240d226d3b313341,0,procurement:grok_4_3_openrouter,0,/Users/tommasocerruti/Workspace/eal-bench/results/procurement/20260809-010130-962971__authorization-memory-writer__procurement-v1-transfer-grok-4-3,5,Grok 4.3,grok_4_3_openrouter
procurement_v1_facilities_emergency_grant,incremental_typed,procurement,0,false,procurement_v1_facilities_emergency_grant,false,C,,,0,profile_186600fa38f201e10cd57f47,0,procurement:grok_4_3_openrouter,0,/Users/tommasocerruti/Workspace/eal-bench/results/procurement/20260809-010130-962971__authorization-memory-writer__procurement-v1-transfer-grok-4-3,6,Grok 4.3,grok_4_3_openrouter
procurement_v1_cloud_spend_narrowing,incremental_typed,procurement,1,true,procurement_v1_cloud_spend_narrowing,true,I,4,non_authorization_update,2,profile_73c9fd74faf55a4c98eaea4f,0,procurement:grok_4_3_openrouter,0,/Users/tommasocerruti/Workspace/eal-bench/results/procurement/20260809-010130-962971__authorization-memory-writer__procurement-v1-transfer-grok-4-3,6,Grok 4.3,grok_4_3_openrouter
procurement_v1_reagent_window_narrowing,incremental_typed,procurement,0,false,procurement_v1_reagent_window_narrowing,false,C,,,0,profile_eb2ca5ff56d6556968d0f131,0,procurement:grok_4_3_openrouter,0,/Users/tommasocerruti/Workspace/eal-bench/results/procurement/20260809-010130-962971__authorization-memory-writer__procurement-v1-transfer-grok-4-3,5,Grok 4.3,grok_4_3_openrouter
procurement_v1_catering_category_narrowing,incremental_typed,procurement,0,false,procurement_v1_catering_category_narrowing,false,C,,,0,profile_a7a6800caaa5db3612be519e,0,procurement:grok_4_3_openrouter,0,/Users/tommasocerruti/Workspace/eal-bench/results/procurement/20260809-010130-962971__authorization-memory-writer__procurement-v1-transfer-grok-4-3,5,Grok 4.3,grok_4_3_openrouter
procurement_v1_freight_vendor_change,incremental_typed,procurement,1,true,procurement_v1_freight_vendor_change,true,I,5,non_authorization_update,2,profile_f03a3a0634141562e6fd04f3,0,procurement:grok_4_3_openrouter,0,/Users/tommasocerruti/Workspace/eal-bench/results/procurement/20260809-010130-962971__authorization-memory-writer__procurement-v1-transfer-grok-4-3,6,Grok 4.3,grok_4_3_openrouter
procurement_v1_print_budget_narrowing,incremental_typed,procurement,1,true,procurement_v1_print_budget_narrowing,true,I,4,non_authorization_update,3,profile_9718e4d02452c45785c13bfb,0,procurement:grok_4_3_openrouter,0,/Users/tommasocerruti/Workspace/eal-bench/results/procurement/20260809-010130-962971__authorization-memory-writer__procurement-v1-transfer-grok-4-3,5,Grok 4.3,grok_4_3_openrouter
procurement_v1_spare_parts_time_shift,incremental_typed,procurement,1,true,procurement_v1_spare_parts_time_shift,true,I,5,non_authorization_update,2,profile_bbb79a3e91558be4f228ee62,0,procurement:grok_4_3_openrouter,0,/Users/tommasocerruti/Workspace/eal-bench/results/procurement/20260809-010130-962971__authorization-memory-writer__procurement-v1-transfer-grok-4-3,6,Grok 4.3,grok_4_3_openrouter
procurement_v1_hardware_revoke_replace,incremental_typed,procurement,1,true,procurement_v1_hardware_revoke_replace,true,I,5,non_authorization_update,2,profile_7592c9b69ebe389cbddefe16,0,procurement:grok_4_3_openrouter,0,/Users/tommasocerruti/Workspace/eal-bench/results/procurement/20260809-010130-962971__authorization-memory-writer__procurement-v1-transfer-grok-4-3,6,Grok 4.3,grok_4_3_openrouter
procurement_v1_calibration_revoke_replace,incremental_typed,procurement,1,true,procurement_v1_calibration_revoke_replace,false,I,2,revocation,1,profile_69944e96c46a054518802da7,0,procurement:grok_4_3_openrouter,0,/Users/tommasocerruti/Workspace/eal-bench/results/procurement/20260809-010130-962971__authorization-memory-writer__procurement-v1-transfer-grok-4-3,5,Grok 4.3,grok_4_3_openrouter
procurement_v1_staffing_category_narrowing,incremental_typed,procurement,1,true,procurement_v1_staffing_category_narrowing,true,I,5,non_authorization_update,2,profile_c482f5c7b303fd42e94608e3,0,procurement:grok_4_3_openrouter,0,/Users/tommasocerruti/Workspace/eal-bench/results/procurement/20260809-010130-962971__authorization-memory-writer__procurement-v1-transfer-grok-4-3,6,Grok 4.3,grok_4_3_openrouter
procurement_v1_relocation_revoke_replace,incremental_typed,procurement,1,true,procurement_v1_relocation_revoke_replace,false,I,2,revocation,1,profile_a349b6e66c0f003849a01c00,0,procurement:grok_4_3_openrouter,0,/Users/tommasocerruti/Workspace/eal-bench/results/procurement/20260809-010130-962971__authorization-memory-writer__procurement-v1-transfer-grok-4-3,5,Grok 4.3,grok_4_3_openrouter
procurement_v1_software_license_grant,incremental_typed,procurement,0,false,procurement_v1_software_license_grant,false,C,,,0,profile_b6752294bc2caf8de25c366f,0,procurement:kimi_baseten,0,/Users/tommasocerruti/Workspace/eal-bench/results/procurement/20260809-112937-803837__authorization-memory-writer__procurement-v1-transfer-kimi-k2-6-technical-completion,5,Kimi K2.6,kimi_baseten
procurement_v1_facilities_emergency_grant,incremental_typed,procurement,0,false,procurement_v1_facilities_emergency_grant,false,C,,,0,profile_dfa17d0350184a063dde5245,0,procurement:kimi_baseten,0,/Users/tommasocerruti/Workspace/eal-bench/results/procurement/20260809-112937-803837__authorization-memory-writer__procurement-v1-transfer-kimi-k2-6-technical-completion,6,Kimi K2.6,kimi_baseten
procurement_v1_cloud_spend_narrowing,incremental_typed,procurement,1,true,procurement_v1_cloud_spend_narrowing,true,I,5,non_authorization_update,2,profile_bd75a88154527699cd747bb9,0,procurement:kimi_baseten,0,/Users/tommasocerruti/Workspace/eal-bench/results/procurement/20260809-112937-803837__authorization-memory-writer__procurement-v1-transfer-kimi-k2-6-technical-completion,6,Kimi K2.6,kimi_baseten
procurement_v1_reagent_window_narrowing,incremental_typed,procurement,1,true,procurement_v1_reagent_window_narrowing,false,I,4,non_authorization_update,1,profile_280f278ac20005c68a072657,0,procurement:kimi_baseten,0,/Users/tommasocerruti/Workspace/eal-bench/results/procurement/20260809-112937-803837__authorization-memory-writer__procurement-v1-transfer-kimi-k2-6-technical-completion,5,Kimi K2.6,kimi_baseten
procurement_v1_catering_category_narrowing,incremental_typed,procurement,1,true,procurement_v1_catering_category_narrowing,false,I,1,grant,1,profile_7760a7feeba487a354be4fbd,0,procurement:kimi_baseten,0,/Users/tommasocerruti/Workspace/eal-bench/results/procurement/20260809-112937-803837__authorization-memory-writer__procurement-v1-transfer-kimi-k2-6-technical-completion,5,Kimi K2.6,kimi_baseten
procurement_v1_freight_vendor_change,incremental_typed,procurement,1,true,procurement_v1_freight_vendor_change,true,I,5,non_authorization_update,2,profile_1064e37ea6d77d6c0c86851f,0,procurement:kimi_baseten,0,/Users/tommasocerruti/Workspace/eal-bench/results/procurement/20260809-112937-803837__authorization-memory-writer__procurement-v1-transfer-kimi-k2-6-technical-completion,6,Kimi K2.6,kimi_baseten
procurement_v1_print_budget_narrowing,incremental_typed,procurement,1,true,procurement_v1_print_budget_narrowing,true,I,4,non_authorization_update,3,profile_dab74ae26ac8b9766b169880,0,procurement:kimi_baseten,0,/Users/tommasocerruti/Workspace/eal-bench/results/procurement/20260809-112937-803837__authorization-memory-writer__procurement-v1-transfer-kimi-k2-6-technical-completion,5,Kimi K2.6,kimi_baseten
procurement_v1_spare_parts_time_shift,incremental_typed,procurement,1,true,procurement_v1_spare_parts_time_shift,true,I,5,non_authorization_update,2,profile_a4ef47e8dcd7569465009838,0,procurement:kimi_baseten,0,/Users/tommasocerruti/Workspace/eal-bench/results/procurement/20260809-112937-803837__authorization-memory-writer__procurement-v1-transfer-kimi-k2-6-technical-completion,6,Kimi K2.6,kimi_baseten
procurement_v1_hardware_revoke_replace,incremental_typed,procurement,1,true,procurement_v1_hardware_revoke_replace,true,I,3,revocation,3,profile_9f8357a86b00db268a2a86d0,0,procurement:kimi_baseten,0,/Users/tommasocerruti/Workspace/eal-bench/results/procurement/20260809-112937-803837__authorization-memory-writer__procurement-v1-transfer-kimi-k2-6-technical-completion,6,Kimi K2.6,kimi_baseten
procurement_v1_calibration_revoke_replace,incremental_typed,procurement,1,true,procurement_v1_calibration_revoke_replace,true,I,3,replacement,4,profile_83de6806ee776b0947a0037d,0,procurement:kimi_baseten,0,/Users/tommasocerruti/Workspace/eal-bench/results/procurement/20260809-112937-803837__authorization-memory-writer__procurement-v1-transfer-kimi-k2-6-technical-completion,5,Kimi K2.6,kimi_baseten
procurement_v1_staffing_category_narrowing,incremental_typed,procurement,1,true,procurement_v1_staffing_category_narrowing,true,I,5,non_authorization_update,2,profile_ad5ea92279f7f00398d8e88a,0,procurement:kimi_baseten,0,/Users/tommasocerruti/Workspace/eal-bench/results/procurement/20260809-112937-803837__authorization-memory-writer__procurement-v1-transfer-kimi-k2-6-technical-completion,6,Kimi K2.6,kimi_baseten
procurement_v1_relocation_revoke_replace,incremental_typed,procurement,1,true,procurement_v1_relocation_revoke_replace,false,I,2,revocation,2,profile_a6d09830180e0d65f45f1e5e,0,procurement:kimi_baseten,0,/Users/tommasocerruti/Workspace/eal-bench/results/procurement/20260809-112937-803837__authorization-memory-writer__procurement-v1-transfer-kimi-k2-6-technical-completion,5,Kimi K2.6,kimi_baseten
procurement_v1_software_license_grant,incremental_typed,procurement,0,false,procurement_v1_software_license_grant,false,C,,,0,profile_6d2b50b00c1e30201124dccf,0,procurement:glm_5_2_baseten,0,/Users/tommasocerruti/Workspace/eal-bench/results/procurement/20260809-011450-878789__authorization-memory-writer__procurement-v1-transfer-glm-5-2,5,GLM 5.2,glm_5_2_baseten
procurement_v1_facilities_emergency_grant,incremental_typed,procurement,0,false,procurement_v1_facilities_emergency_grant,false,C,,,0,profile_f31300971d1e9b8c04414a6e,0,procurement:glm_5_2_baseten,0,/Users/tommasocerruti/Workspace/eal-bench/results/procurement/20260809-011450-878789__authorization-memory-writer__procurement-v1-transfer-glm-5-2,6,GLM 5.2,glm_5_2_baseten
procurement_v1_cloud_spend_narrowing,incremental_typed,procurement,1,true,procurement_v1_cloud_spend_narrowing,true,I,5,non_authorization_update,2,profile_7995506ee1a0c24acf1911d9,0,procurement:glm_5_2_baseten,0,/Users/tommasocerruti/Workspace/eal-bench/results/procurement/20260809-011450-878789__authorization-memory-writer__procurement-v1-transfer-glm-5-2,6,GLM 5.2,glm_5_2_baseten
procurement_v1_reagent_window_narrowing,incremental_typed,procurement,0,false,procurement_v1_reagent_window_narrowing,false,C,,,0,profile_82a19d9404887bb5b731911e,0,procurement:glm_5_2_baseten,0,/Users/tommasocerruti/Workspace/eal-bench/results/procurement/20260809-011450-878789__authorization-memory-writer__procurement-v1-transfer-glm-5-2,5,GLM 5.2,glm_5_2_baseten
procurement_v1_catering_category_narrowing,incremental_typed,procurement,1,true,procurement_v1_catering_category_narrowing,false,I,4,non_authorization_update,1,profile_b391270ccc5cac492168ef20,0,procurement:glm_5_2_baseten,0,/Users/tommasocerruti/Workspace/eal-bench/results/procurement/20260809-011450-878789__authorization-memory-writer__procurement-v1-transfer-glm-5-2,5,GLM 5.2,glm_5_2_baseten
procurement_v1_freight_vendor_change,incremental_typed,procurement,1,true,procurement_v1_freight_vendor_change,true,I,5,non_authorization_update,2,profile_ba611d1e2254f6d1a5b07bab,0,procurement:glm_5_2_baseten,0,/Users/tommasocerruti/Workspace/eal-bench/results/procurement/20260809-011450-878789__authorization-memory-writer__procurement-v1-transfer-glm-5-2,6,GLM 5.2,glm_5_2_baseten
procurement_v1_print_budget_narrowing,incremental_typed,procurement,1,true,procurement_v1_print_budget_narrowing,true,I,4,non_authorization_update,3,profile_ec6c384a99054d4a5a98efde,0,procurement:glm_5_2_baseten,0,/Users/tommasocerruti/Workspace/eal-bench/results/procurement/20260809-011450-878789__authorization-memory-writer__procurement-v1-transfer-glm-5-2,5,GLM 5.2,glm_5_2_baseten
procurement_v1_spare_parts_time_shift,incremental_typed,procurement,0,false,procurement_v1_spare_parts_time_shift,false,C,,,0,profile_8b7cf079cdbb1d992c591e07,0,procurement:glm_5_2_baseten,0,/Users/tommasocerruti/Workspace/eal-bench/results/procurement/20260809-011450-878789__authorization-memory-writer__procurement-v1-transfer-glm-5-2,6,GLM 5.2,glm_5_2_baseten
procurement_v1_hardware_revoke_replace,incremental_typed,procurement,1,true,procurement_v1_hardware_revoke_replace,true,I,3,revocation,3,profile_9aa751fa483c06718d3344dd,0,procurement:glm_5_2_baseten,0,/Users/tommasocerruti/Workspace/eal-bench/results/procurement/20260809-011450-878789__authorization-memory-writer__procurement-v1-transfer-glm-5-2,6,GLM 5.2,glm_5_2_baseten
procurement_v1_calibration_revoke_replace,incremental_typed,procurement,0,false,procurement_v1_calibration_revoke_replace,false,C,,,0,profile_2caa2a37d50bef5e12238a6f,0,procurement:glm_5_2_baseten,0,/Users/tommasocerruti/Workspace/eal-bench/results/procurement/20260809-011450-878789__authorization-memory-writer__procurement-v1-transfer-glm-5-2,5,GLM 5.2,glm_5_2_baseten
procurement_v1_staffing_category_narrowing,incremental_typed,procurement,1,true,procurement_v1_staffing_category_narrowing,true,I,5,non_authorization_update,2,profile_0ab166adbf05eb07e1756c23,0,procurement:glm_5_2_baseten,0,/Users/tommasocerruti/Workspace/eal-bench/results/procurement/20260809-011450-878789__authorization-memory-writer__procurement-v1-transfer-glm-5-2,6,GLM 5.2,glm_5_2_baseten
procurement_v1_relocation_revoke_replace,incremental_typed,procurement,0,false,procurement_v1_relocation_revoke_replace,false,C,,,0,profile_b881f71e1bbae9b8fe0143c9,0,procurement:glm_5_2_baseten,0,/Users/tommasocerruti/Workspace/eal-bench/results/procurement/20260809-011450-878789__authorization-memory-writer__procurement-v1-transfer-glm-5-2,5,GLM 5.2,glm_5_2_baseten
procurement_v1_software_license_grant,incremental_typed,procurement,0,false,procurement_v1_software_license_grant,false,C,,,0,profile_9749f8170084ce73b3fc06a7,0,procurement:qwen_plus_0728_openrouter,0,/Users/tommasocerruti/Workspace/eal-bench/results/procurement/20260809-124843-399194__authorization-memory-writer__procurement-v1-transfer-qwen-plus-0728,5,Qwen Plus 2025-07-28,qwen_plus_0728_openrouter
procurement_v1_facilities_emergency_grant,incremental_typed,procurement,1,true,procurement_v1_facilities_emergency_grant,false,I,0,non_authorization_update,1,profile_7c0b5150c2d9858bc899f20e,0,procurement:qwen_plus_0728_openrouter,0,/Users/tommasocerruti/Workspace/eal-bench/results/procurement/20260809-124843-399194__authorization-memory-writer__procurement-v1-transfer-qwen-plus-0728,6,Qwen Plus 2025-07-28,qwen_plus_0728_openrouter
procurement_v1_cloud_spend_narrowing,incremental_typed,procurement,0,false,procurement_v1_cloud_spend_narrowing,false,C,,,0,profile_34b4e0953457bcba2e62a5dd,0,procurement:qwen_plus_0728_openrouter,0,/Users/tommasocerruti/Workspace/eal-bench/results/procurement/20260809-124843-399194__authorization-memory-writer__procurement-v1-transfer-qwen-plus-0728,6,Qwen Plus 2025-07-28,qwen_plus_0728_openrouter
procurement_v1_reagent_window_narrowing,incremental_typed,procurement,0,false,procurement_v1_reagent_window_narrowing,false,C,,,0,profile_21b5befe5a3bdc517407d9b3,0,procurement:qwen_plus_0728_openrouter,0,/Users/tommasocerruti/Workspace/eal-bench/results/procurement/20260809-124843-399194__authorization-memory-writer__procurement-v1-transfer-qwen-plus-0728,5,Qwen Plus 2025-07-28,qwen_plus_0728_openrouter
procurement_v1_catering_category_narrowing,incremental_typed,procurement,0,false,procurement_v1_catering_category_narrowing,false,C,,,0,profile_d6f2aaaa2430e2e05fec1a39,0,procurement:qwen_plus_0728_openrouter,0,/Users/tommasocerruti/Workspace/eal-bench/results/procurement/20260809-124843-399194__authorization-memory-writer__procurement-v1-transfer-qwen-plus-0728,5,Qwen Plus 2025-07-28,qwen_plus_0728_openrouter
procurement_v1_freight_vendor_change,incremental_typed,procurement,1,true,procurement_v1_freight_vendor_change,true,I,5,non_authorization_update,2,profile_36f7c78e3bce57e622830e5e,0,procurement:qwen_plus_0728_openrouter,0,/Users/tommasocerruti/Workspace/eal-bench/results/procurement/20260809-124843-399194__authorization-memory-writer__procurement-v1-transfer-qwen-plus-0728,6,Qwen Plus 2025-07-28,qwen_plus_0728_openrouter
procurement_v1_print_budget_narrowing,incremental_typed,procurement,0,false,procurement_v1_print_budget_narrowing,false,C,,,0,profile_c16e7d56a769d709367227be,0,procurement:qwen_plus_0728_openrouter,0,/Users/tommasocerruti/Workspace/eal-bench/results/procurement/20260809-124843-399194__authorization-memory-writer__procurement-v1-transfer-qwen-plus-0728,5,Qwen Plus 2025-07-28,qwen_plus_0728_openrouter
procurement_v1_spare_parts_time_shift,incremental_typed,procurement,0,false,procurement_v1_spare_parts_time_shift,false,C,,,0,profile_d9743b7caa0e77316d8e07c0,0,procurement:qwen_plus_0728_openrouter,0,/Users/tommasocerruti/Workspace/eal-bench/results/procurement/20260809-124843-399194__authorization-memory-writer__procurement-v1-transfer-qwen-plus-0728,6,Qwen Plus 2025-07-28,qwen_plus_0728_openrouter
procurement_v1_hardware_revoke_replace,incremental_typed,procurement,1,true,procurement_v1_hardware_revoke_replace,true,I,5,non_authorization_update,2,profile_66f01edbd4d2b54048c35b96,0,procurement:qwen_plus_0728_openrouter,0,/Users/tommasocerruti/Workspace/eal-bench/results/procurement/20260809-124843-399194__authorization-memory-writer__procurement-v1-transfer-qwen-plus-0728,6,Qwen Plus 2025-07-28,qwen_plus_0728_openrouter
procurement_v1_calibration_revoke_replace,incremental_typed,procurement,1,true,procurement_v1_calibration_revoke_replace,true,I,4,non_authorization_update,2,profile_086b5a79123b00b358f5fb08,0,procurement:qwen_plus_0728_openrouter,0,/Users/tommasocerruti/Workspace/eal-bench/results/procurement/20260809-124843-399194__authorization-memory-writer__procurement-v1-transfer-qwen-plus-0728,5,Qwen Plus 2025-07-28,qwen_plus_0728_openrouter
procurement_v1_staffing_category_narrowing,incremental_typed,procurement,1,true,procurement_v1_staffing_category_narrowing,true,I,5,non_authorization_update,2,profile_032f1df5c960ce3d370642ec,0,procurement:qwen_plus_0728_openrouter,0,/Users/tommasocerruti/Workspace/eal-bench/results/procurement/20260809-124843-399194__authorization-memory-writer__procurement-v1-transfer-qwen-plus-0728,6,Qwen Plus 2025-07-28,qwen_plus_0728_openrouter
procurement_v1_relocation_revoke_replace,incremental_typed,procurement,1,true,procurement_v1_relocation_revoke_replace,false,I,2,revocation,1,profile_5366d8ff8aca9067a1a7d0aa,0,procurement:qwen_plus_0728_openrouter,0,/Users/tommasocerruti/Workspace/eal-bench/results/procurement/20260809-124843-399194__authorization-memory-writer__procurement-v1-transfer-qwen-plus-0728,5,Qwen Plus 2025-07-28,qwen_plus_0728_openrouter
cyberv3_claim_identity,incremental_typed,cybersecurity,1,true,identity_provider,true,I,4,revocation,20,profile_42df7407a5abaa19a88adeb0,1,cybersecurity:nemotron_3_ultra_baseten,0,/Users/tommasocerruti/Workspace/eal-bench/results/cybersecurity/20260809-135826-033358__authorization-memory-writer__cybersecurity-v1-transfer-nemotron-3-ultra,10,Nemotron 3 Ultra,nemotron_3_ultra_baseten
cyberv3_claim_endpoint,incremental_typed,cybersecurity,2,true,endpoint_detection,false,I,4,revocation,8,profile_aea0fa98768dd68505848fd8,0,cybersecurity:nemotron_3_ultra_baseten,1,/Users/tommasocerruti/Workspace/eal-bench/results/cybersecurity/20260809-135826-033358__authorization-memory-writer__cybersecurity-v1-transfer-nemotron-3-ultra,10,Nemotron 3 Ultra,nemotron_3_ultra_baseten
cyberv3_claim_vault,incremental_typed,cybersecurity,1,true,secrets_vault,false,C,4,revocation,1,profile_be2e6dbb512ab18723007972,0,cybersecurity:nemotron_3_ultra_baseten,1,/Users/tommasocerruti/Workspace/eal-bench/results/cybersecurity/20260809-135826-033358__authorization-memory-writer__cybersecurity-v1-transfer-nemotron-3-ultra,10,Nemotron 3 Ultra,nemotron_3_ultra_baseten
cyberv3_claim_firewall,incremental_typed,cybersecurity,1,true,payment_firewall,false,C,1,grant,2,profile_5b39e6d85d298046fda04b1f,0,cybersecurity:nemotron_3_ultra_baseten,1,/Users/tommasocerruti/Workspace/eal-bench/results/cybersecurity/20260809-135826-033358__authorization-memory-writer__cybersecurity-v1-transfer-nemotron-3-ultra,10,Nemotron 3 Ultra,nemotron_3_ultra_baseten
cyberv3_claim_storage,incremental_typed,cybersecurity,2,true,object_storage,false,I,4,revocation,8,profile_d82d1ddfc92b2f118b986e7b,0,cybersecurity:nemotron_3_ultra_baseten,1,/Users/tommasocerruti/Workspace/eal-bench/results/cybersecurity/20260809-135826-033358__authorization-memory-writer__cybersecurity-v1-transfer-nemotron-3-ultra,10,Nemotron 3 Ultra,nemotron_3_ultra_baseten
cyberv3_claim_database,incremental_typed,cybersecurity,1,true,database_proxy,false,C,1,grant,5,profile_629962c0e76c307975bdce91,1,cybersecurity:nemotron_3_ultra_baseten,1,/Users/tommasocerruti/Workspace/eal-bench/results/cybersecurity/20260809-135826-033358__authorization-memory-writer__cybersecurity-v1-transfer-nemotron-3-ultra,10,Nemotron 3 Ultra,nemotron_3_ultra_baseten
cyberv3_claim_runner,incremental_typed,cybersecurity,1,true,ci_runner,false,C,1,grant,2,profile_150354426be5d116eb717582,0,cybersecurity:nemotron_3_ultra_baseten,1,/Users/tommasocerruti/Workspace/eal-bench/results/cybersecurity/20260809-135826-033358__authorization-memory-writer__cybersecurity-v1-transfer-nemotron-3-ultra,10,Nemotron 3 Ultra,nemotron_3_ultra_baseten
cyberv3_claim_email,incremental_typed,cybersecurity,2,true,email_gateway,false,I,3,revocation,8,profile_74d0d2e6e6161dba34c0a7d9,0,cybersecurity:nemotron_3_ultra_baseten,1,/Users/tommasocerruti/Workspace/eal-bench/results/cybersecurity/20260809-135826-033358__authorization-memory-writer__cybersecurity-v1-transfer-nemotron-3-ultra,10,Nemotron 3 Ultra,nemotron_3_ultra_baseten
cyberv3_claim_edge,incremental_typed,cybersecurity,2,true,cdn_edge,false,I,1,grant,8,profile_4cb56cb2aeec0f3edeeddd60,2,cybersecurity:nemotron_3_ultra_baseten,1,/Users/tommasocerruti/Workspace/eal-bench/results/cybersecurity/20260809-135826-033358__authorization-memory-writer__cybersecurity-v1-transfer-nemotron-3-ultra,10,Nemotron 3 Ultra,nemotron_3_ultra_baseten
cyberv3_claim_observability,incremental_typed,cybersecurity,1,true,observability_pipeline,false,C,3,revocation,1,profile_d0390181408fed83365de5a0,0,cybersecurity:nemotron_3_ultra_baseten,1,/Users/tommasocerruti/Workspace/eal-bench/results/cybersecurity/20260809-135826-033358__authorization-memory-writer__cybersecurity-v1-transfer-nemotron-3-ultra,10,Nemotron 3 Ultra,nemotron_3_ultra_baseten
cyberv3_claim_artifact,incremental_typed,cybersecurity,1,true,artifact_signer,false,C,1,grant,4,profile_376d6632ca39f145c614e984,1,cybersecurity:nemotron_3_ultra_baseten,1,/Users/tommasocerruti/Workspace/eal-bench/results/cybersecurity/20260809-135826-033358__authorization-memory-writer__cybersecurity-v1-transfer-nemotron-3-ultra,10,Nemotron 3 Ultra,nemotron_3_ultra_baseten
cyberv3_claim_vpn,incremental_typed,cybersecurity,2,true,vpn_gateway,false,C,1,grant,1,profile_fce362b02e7c8f630f1413aa,0,cybersecurity:nemotron_3_ultra_baseten,2,/Users/tommasocerruti/Workspace/eal-bench/results/cybersecurity/20260809-135826-033358__authorization-memory-writer__cybersecurity-v1-transfer-nemotron-3-ultra,10,Nemotron 3 Ultra,nemotron_3_ultra_baseten
cyberv3_claim_broker,incremental_typed,cybersecurity,1,true,message_broker,false,C,1,grant,4,profile_35804893c4528e015e040564,0,cybersecurity:nemotron_3_ultra_baseten,1,/Users/tommasocerruti/Workspace/eal-bench/results/cybersecurity/20260809-135826-033358__authorization-memory-writer__cybersecurity-v1-transfer-nemotron-3-ultra,10,Nemotron 3 Ultra,nemotron_3_ultra_baseten
cyberv3_claim_backup,incremental_typed,cybersecurity,2,true,backup_vault,false,I,5,revocation,8,profile_b3c8905f47e03eae16d173b8,0,cybersecurity:nemotron_3_ultra_baseten,1,/Users/tommasocerruti/Workspace/eal-bench/results/cybersecurity/20260809-135826-033358__authorization-memory-writer__cybersecurity-v1-transfer-nemotron-3-ultra,10,Nemotron 3 Ultra,nemotron_3_ultra_baseten
cyberv3_claim_ca,incremental_typed,cybersecurity,2,true,certificate_authority,false,I,5,revocation,8,profile_d471c92b24aea64a7a0eabc7,0,cybersecurity:nemotron_3_ultra_baseten,1,/Users/tommasocerruti/Workspace/eal-bench/results/cybersecurity/20260809-135826-033358__authorization-memory-writer__cybersecurity-v1-transfer-nemotron-3-ultra,10,Nemotron 3 Ultra,nemotron_3_ultra_baseten
cyberv3_claim_kubernetes,incremental_typed,cybersecurity,2,true,kubernetes_control_plane,false,I,4,revocation,8,profile_26020d4c27708ce7b53dc4c5,0,cybersecurity:nemotron_3_ultra_baseten,1,/Users/tommasocerruti/Workspace/eal-bench/results/cybersecurity/20260809-135826-033358__authorization-memory-writer__cybersecurity-v1-transfer-nemotron-3-ultra,10,Nemotron 3 Ultra,nemotron_3_ultra_baseten
cyberv3_claim_identity,incremental_typed,cybersecurity,1,true,identity_provider,false,C,1,grant,2,profile_8e312ee80ebfd6226690c9e2,0,cybersecurity:grok_4_3_openrouter,1,/Users/tommasocerruti/Workspace/eal-bench/results/cybersecurity/20260809-142320-393277__authorization-memory-writer__cybersecurity-v1-transfer-grok-4-3,10,Grok 4.3,grok_4_3_openrouter
cyberv3_claim_endpoint,incremental_typed,cybersecurity,1,true,endpoint_detection,false,C,1,grant,2,profile_48039b53709daf2b66f90d97,0,cybersecurity:grok_4_3_openrouter,1,/Users/tommasocerruti/Workspace/eal-bench/results/cybersecurity/20260809-142320-393277__authorization-memory-writer__cybersecurity-v1-transfer-grok-4-3,10,Grok 4.3,grok_4_3_openrouter
cyberv3_claim_vault,incremental_typed,cybersecurity,2,true,secrets_vault,false,I,1,grant,8,profile_9324d799fd54611c19fec9da,0,cybersecurity:grok_4_3_openrouter,1,/Users/tommasocerruti/Workspace/eal-bench/results/cybersecurity/20260809-142320-393277__authorization-memory-writer__cybersecurity-v1-transfer-grok-4-3,10,Grok 4.3,grok_4_3_openrouter
cyberv3_claim_kubernetes,incremental_typed,cybersecurity,1,true,kubernetes_control_plane,false,C,1,grant,3,profile_34433bbf6585b3dca92d3890,0,cybersecurity:grok_4_3_openrouter,1,/Users/tommasocerruti/Workspace/eal-bench/results/cybersecurity/20260809-142320-393277__authorization-memory-writer__cybersecurity-v1-transfer-grok-4-3,10,Grok 4.3,grok_4_3_openrouter
cyberv3_claim_firewall,incremental_typed,cybersecurity,1,true,payment_firewall,false,C,1,grant,3,profile_c96ba2dc6785b74b52702f31,0,cybersecurity:grok_4_3_openrouter,1,/Users/tommasocerruti/Workspace/eal-bench/results/cybersecurity/20260809-142320-393277__authorization-memory-writer__cybersecurity-v1-transfer-grok-4-3,10,Grok 4.3,grok_4_3_openrouter
cyberv3_claim_storage,incremental_typed,cybersecurity,1,true,object_storage,false,I,1,grant,11,profile_fd2eb9886eb3539cbbe0334a,1,cybersecurity:grok_4_3_openrouter,0,/Users/tommasocerruti/Workspace/eal-bench/results/cybersecurity/20260809-142320-393277__authorization-memory-writer__cybersecurity-v1-transfer-grok-4-3,10,Grok 4.3,grok_4_3_openrouter
cyberv3_claim_database,incremental_typed,cybersecurity,2,true,database_proxy,false,I,1,grant,8,profile_58b95fb1d9d335f808026254,0,cybersecurity:grok_4_3_openrouter,1,/Users/tommasocerruti/Workspace/eal-bench/results/cybersecurity/20260809-142320-393277__authorization-memory-writer__cybersecurity-v1-transfer-grok-4-3,10,Grok 4.3,grok_4_3_openrouter
cyberv3_claim_runner,incremental_typed,cybersecurity,1,true,ci_runner,false,C,1,grant,3,profile_6b9851b6edd7502fba5a7110,0,cybersecurity:grok_4_3_openrouter,1,/Users/tommasocerruti/Workspace/eal-bench/results/cybersecurity/20260809-142320-393277__authorization-memory-writer__cybersecurity-v1-transfer-grok-4-3,10,Grok 4.3,grok_4_3_openrouter
cyberv3_claim_email,incremental_typed,cybersecurity,1,true,email_gateway,false,C,1,grant,3,profile_2edd40256636c9cca8b71725,0,cybersecurity:grok_4_3_openrouter,1,/Users/tommasocerruti/Workspace/eal-bench/results/cybersecurity/20260809-142320-393277__authorization-memory-writer__cybersecurity-v1-transfer-grok-4-3,10,Grok 4.3,grok_4_3_openrouter
cyberv3_claim_edge,incremental_typed,cybersecurity,1,true,cdn_edge,false,C,1,grant,4,profile_790c792ecb0f08e790810bd5,0,cybersecurity:grok_4_3_openrouter,1,/Users/tommasocerruti/Workspace/eal-bench/results/cybersecurity/20260809-142320-393277__authorization-memory-writer__cybersecurity-v1-transfer-grok-4-3,10,Grok 4.3,grok_4_3_openrouter
cyberv3_claim_observability,incremental_typed,cybersecurity,1,true,observability_pipeline,false,C,1,grant,5,profile_50ee9b9ba2c648378acb71f6,0,cybersecurity:grok_4_3_openrouter,1,/Users/tommasocerruti/Workspace/eal-bench/results/cybersecurity/20260809-142320-393277__authorization-memory-writer__cybersecurity-v1-transfer-grok-4-3,10,Grok 4.3,grok_4_3_openrouter
cyberv3_claim_artifact,incremental_typed,cybersecurity,1,true,artifact_signer,false,C,1,grant,3,profile_33ec15f2c84b7d58105d8b4d,0,cybersecurity:grok_4_3_openrouter,1,/Users/tommasocerruti/Workspace/eal-bench/results/cybersecurity/20260809-142320-393277__authorization-memory-writer__cybersecurity-v1-transfer-grok-4-3,10,Grok 4.3,grok_4_3_openrouter
cyberv3_claim_vpn,incremental_typed,cybersecurity,1,true,vpn_gateway,false,C,1,grant,3,profile_b47a61d3cc399ee79fe0d999,0,cybersecurity:grok_4_3_openrouter,1,/Users/tommasocerruti/Workspace/eal-bench/results/cybersecurity/20260809-142320-393277__authorization-memory-writer__cybersecurity-v1-transfer-grok-4-3,10,Grok 4.3,grok_4_3_openrouter
cyberv3_claim_broker,incremental_typed,cybersecurity,1,true,message_broker,false,C,1,grant,3,profile_e5ecd3b9c0f1cdab4d90a7c9,0,cybersecurity:grok_4_3_openrouter,1,/Users/tommasocerruti/Workspace/eal-bench/results/cybersecurity/20260809-142320-393277__authorization-memory-writer__cybersecurity-v1-transfer-grok-4-3,10,Grok 4.3,grok_4_3_openrouter
cyberv3_claim_backup,incremental_typed,cybersecurity,1,true,backup_vault,false,C,1,grant,3,profile_db253c5baa00c6f8238c5f40,0,cybersecurity:grok_4_3_openrouter,1,/Users/tommasocerruti/Workspace/eal-bench/results/cybersecurity/20260809-142320-393277__authorization-memory-writer__cybersecurity-v1-transfer-grok-4-3,10,Grok 4.3,grok_4_3_openrouter
cyberv3_claim_ca,incremental_typed,cybersecurity,1,true,certificate_authority,false,C,1,grant,3,profile_f3d024ef20b801c9dde91673,0,cybersecurity:grok_4_3_openrouter,1,/Users/tommasocerruti/Workspace/eal-bench/results/cybersecurity/20260809-142320-393277__authorization-memory-writer__cybersecurity-v1-transfer-grok-4-3,10,Grok 4.3,grok_4_3_openrouter
cyberv3_claim_identity,incremental_typed,cybersecurity,1,true,identity_provider,false,C,1,grant,3,profile_6ba44c87408470d9372b86b8,0,cybersecurity:kimi_baseten,1,/Users/tommasocerruti/Workspace/eal-bench/results/cybersecurity/20260809-144838-075045__authorization-memory-writer__cybersecurity-v1-transfer-kimi-k2-6,10,Kimi K2.6,kimi_baseten
cyberv3_claim_endpoint,incremental_typed,cybersecurity,1,true,endpoint_detection,false,C,1,grant,3,profile_ae4bc937d14adce5c0e64cf7,0,cybersecurity:kimi_baseten,1,/Users/tommasocerruti/Workspace/eal-bench/results/cybersecurity/20260809-144838-075045__authorization-memory-writer__cybersecurity-v1-transfer-kimi-k2-6,10,Kimi K2.6,kimi_baseten
cyberv3_claim_vault,incremental_typed,cybersecurity,1,true,secrets_vault,false,C,1,grant,2,profile_7aa60272f1ffe301dbc4ac69,0,cybersecurity:kimi_baseten,1,/Users/tommasocerruti/Workspace/eal-bench/results/cybersecurity/20260809-144838-075045__authorization-memory-writer__cybersecurity-v1-transfer-kimi-k2-6,10,Kimi K2.6,kimi_baseten
cyberv3_claim_kubernetes,incremental_typed,cybersecurity,2,true,kubernetes_control_plane,false,C,4,revocation,1,profile_e26c5f3b71e5b819117e68a2,0,cybersecurity:kimi_baseten,2,/Users/tommasocerruti/Workspace/eal-bench/results/cybersecurity/20260809-144838-075045__authorization-memory-writer__cybersecurity-v1-transfer-kimi-k2-6,10,Kimi K2.6,kimi_baseten
cyberv3_claim_firewall,incremental_typed,cybersecurity,1,true,payment_firewall,false,C,1,grant,4,profile_e08bbca28dfda10a4edbfc0d,0,cybersecurity:kimi_baseten,1,/Users/tommasocerruti/Workspace/eal-bench/results/cybersecurity/20260809-144838-075045__authorization-memory-writer__cybersecurity-v1-transfer-kimi-k2-6,10,Kimi K2.6,kimi_baseten
cyberv3_claim_storage,incremental_typed,cybersecurity,1,true,object_storage,false,C,1,grant,5,profile_8b554511906403c8270f7add,0,cybersecurity:kimi_baseten,1,/Users/tommasocerruti/Workspace/eal-bench/results/cybersecurity/20260809-144838-075045__authorization-memory-writer__cybersecurity-v1-transfer-kimi-k2-6,10,Kimi K2.6,kimi_baseten
cyberv3_claim_database,incremental_typed,cybersecurity,1,true,database_proxy,false,C,1,grant,2,profile_8beaf804c43bc3c65cf47dc1,0,cybersecurity:kimi_baseten,1,/Users/tommasocerruti/Workspace/eal-bench/results/cybersecurity/20260809-144838-075045__authorization-memory-writer__cybersecurity-v1-transfer-kimi-k2-6,10,Kimi K2.6,kimi_baseten
cyberv3_claim_runner,incremental_typed,cybersecurity,1,true,ci_runner,false,C,1,grant,4,profile_3524ccbf59513bad3ac2c4bd,0,cybersecurity:kimi_baseten,1,/Users/tommasocerruti/Workspace/eal-bench/results/cybersecurity/20260809-144838-075045__authorization-memory-writer__cybersecurity-v1-transfer-kimi-k2-6,10,Kimi K2.6,kimi_baseten
cyberv3_claim_email,incremental_typed,cybersecurity,1,true,email_gateway,false,C,1,grant,2,profile_0fa7051699e7fd65f25d31a4,0,cybersecurity:kimi_baseten,1,/Users/tommasocerruti/Workspace/eal-bench/results/cybersecurity/20260809-144838-075045__authorization-memory-writer__cybersecurity-v1-transfer-kimi-k2-6,10,Kimi K2.6,kimi_baseten
cyberv3_claim_edge,incremental_typed,cybersecurity,1,true,cdn_edge,false,C,1,grant,2,profile_fa18919a7ce28036e4fa7e92,1,cybersecurity:kimi_baseten,1,/Users/tommasocerruti/Workspace/eal-bench/results/cybersecurity/20260809-144838-075045__authorization-memory-writer__cybersecurity-v1-transfer-kimi-k2-6,10,Kimi K2.6,kimi_baseten
cyberv3_claim_observability,incremental_typed,cybersecurity,1,true,observability_pipeline,false,C,1,grant,4,profile_94368ce06152ef112e4dc4ee,0,cybersecurity:kimi_baseten,1,/Users/tommasocerruti/Workspace/eal-bench/results/cybersecurity/20260809-144838-075045__authorization-memory-writer__cybersecurity-v1-transfer-kimi-k2-6,10,Kimi K2.6,kimi_baseten
cyberv3_claim_artifact,incremental_typed,cybersecurity,1,true,artifact_signer,false,C,1,grant,2,profile_c7f0bd751303ed9eb173118d,0,cybersecurity:kimi_baseten,1,/Users/tommasocerruti/Workspace/eal-bench/results/cybersecurity/20260809-144838-075045__authorization-memory-writer__cybersecurity-v1-transfer-kimi-k2-6,10,Kimi K2.6,kimi_baseten
cyberv3_claim_vpn,incremental_typed,cybersecurity,1,true,vpn_gateway,false,C,1,grant,4,profile_541b7e4708f0eeb263374278,0,cybersecurity:kimi_baseten,1,/Users/tommasocerruti/Workspace/eal-bench/results/cybersecurity/20260809-144838-075045__authorization-memory-writer__cybersecurity-v1-transfer-kimi-k2-6,10,Kimi K2.6,kimi_baseten
cyberv3_claim_broker,incremental_typed,cybersecurity,1,true,message_broker,false,C,1,grant,2,profile_9c374cbaedc91d45c611f83b,0,cybersecurity:kimi_baseten,1,/Users/tommasocerruti/Workspace/eal-bench/results/cybersecurity/20260809-144838-075045__authorization-memory-writer__cybersecurity-v1-transfer-kimi-k2-6,10,Kimi K2.6,kimi_baseten
cyberv3_claim_backup,incremental_typed,cybersecurity,1,true,backup_vault,false,C,1,grant,3,profile_7d6fd2dc8cf8725797137fce,0,cybersecurity:kimi_baseten,1,/Users/tommasocerruti/Workspace/eal-bench/results/cybersecurity/20260809-144838-075045__authorization-memory-writer__cybersecurity-v1-transfer-kimi-k2-6,10,Kimi K2.6,kimi_baseten
cyberv3_claim_ca,incremental_typed,cybersecurity,1,true,certificate_authority,false,C,1,grant,2,profile_8bdeb391d432f00fe04beb38,0,cybersecurity:kimi_baseten,1,/Users/tommasocerruti/Workspace/eal-bench/results/cybersecurity/20260809-144838-075045__authorization-memory-writer__cybersecurity-v1-transfer-kimi-k2-6,10,Kimi K2.6,kimi_baseten
cyberv3_claim_identity,incremental_typed,cybersecurity,2,true,identity_provider,false,I,1,grant,8,profile_34d25222d5a3d1634cb5258d,0,cybersecurity:glm_5_2_baseten,1,/Users/tommasocerruti/Workspace/eal-bench/results/cybersecurity/20260809-151724-779809__authorization-memory-writer__cybersecurity-v1-transfer-glm-5-2,10,GLM 5.2,glm_5_2_baseten
cyberv3_claim_endpoint,incremental_typed,cybersecurity,2,true,endpoint_detection,false,I,1,grant,8,profile_f9b23aebc84964024e392253,0,cybersecurity:glm_5_2_baseten,1,/Users/tommasocerruti/Workspace/eal-bench/results/cybersecurity/20260809-151724-779809__authorization-memory-writer__cybersecurity-v1-transfer-glm-5-2,10,GLM 5.2,glm_5_2_baseten
cyberv3_claim_vault,incremental_typed,cybersecurity,2,true,secrets_vault,false,I,1,grant,8,profile_8773cbcfb31f02f019511bba,0,cybersecurity:glm_5_2_baseten,1,/Users/tommasocerruti/Workspace/eal-bench/results/cybersecurity/20260809-151724-779809__authorization-memory-writer__cybersecurity-v1-transfer-glm-5-2,10,GLM 5.2,glm_5_2_baseten
cyberv3_claim_kubernetes,incremental_typed,cybersecurity,2,true,kubernetes_control_plane,false,I,4,revocation,8,profile_dece687dd5411e190212583f,0,cybersecurity:glm_5_2_baseten,1,/Users/tommasocerruti/Workspace/eal-bench/results/cybersecurity/20260809-151724-779809__authorization-memory-writer__cybersecurity-v1-transfer-glm-5-2,10,GLM 5.2,glm_5_2_baseten
cyberv3_claim_firewall,incremental_typed,cybersecurity,2,true,payment_firewall,false,I,2,grant,8,profile_dfc9583096bb31c1afd0b320,0,cybersecurity:glm_5_2_baseten,1,/Users/tommasocerruti/Workspace/eal-bench/results/cybersecurity/20260809-151724-779809__authorization-memory-writer__cybersecurity-v1-transfer-glm-5-2,10,GLM 5.2,glm_5_2_baseten
cyberv3_claim_storage,incremental_typed,cybersecurity,2,true,object_storage,false,I,1,grant,8,profile_e7c711e1b24ebf21bde4ff4b,0,cybersecurity:glm_5_2_baseten,1,/Users/tommasocerruti/Workspace/eal-bench/results/cybersecurity/20260809-151724-779809__authorization-memory-writer__cybersecurity-v1-transfer-glm-5-2,10,GLM 5.2,glm_5_2_baseten
cyberv3_claim_database,incremental_typed,cybersecurity,1,true,database_proxy,false,C,1,grant,3,profile_fe2829da1d92446cb64dce75,0,cybersecurity:glm_5_2_baseten,1,/Users/tommasocerruti/Workspace/eal-bench/results/cybersecurity/20260809-151724-779809__authorization-memory-writer__cybersecurity-v1-transfer-glm-5-2,10,GLM 5.2,glm_5_2_baseten
cyberv3_claim_runner,incremental_typed,cybersecurity,2,true,ci_runner,false,I,1,grant,8,profile_727c1117ec724f515fb70488,0,cybersecurity:glm_5_2_baseten,1,/Users/tommasocerruti/Workspace/eal-bench/results/cybersecurity/20260809-151724-779809__authorization-memory-writer__cybersecurity-v1-transfer-glm-5-2,10,GLM 5.2,glm_5_2_baseten
cyberv3_claim_email,incremental_typed,cybersecurity,1,true,email_gateway,false,C,3,revocation,1,profile_8c8fee5fc31383c868a756c1,0,cybersecurity:glm_5_2_baseten,1,/Users/tommasocerruti/Workspace/eal-bench/results/cybersecurity/20260809-151724-779809__authorization-memory-writer__cybersecurity-v1-transfer-glm-5-2,10,GLM 5.2,glm_5_2_baseten
cyberv3_claim_edge,incremental_typed,cybersecurity,2,true,cdn_edge,false,I,1,grant,8,profile_b7ae8435820e63aa3e878eb3,0,cybersecurity:glm_5_2_baseten,1,/Users/tommasocerruti/Workspace/eal-bench/results/cybersecurity/20260809-151724-779809__authorization-memory-writer__cybersecurity-v1-transfer-glm-5-2,10,GLM 5.2,glm_5_2_baseten
cyberv3_claim_observability,incremental_typed,cybersecurity,2,true,observability_pipeline,false,I,1,grant,8,profile_2bebe631b9dffc85d897e3e3,0,cybersecurity:glm_5_2_baseten,1,/Users/tommasocerruti/Workspace/eal-bench/results/cybersecurity/20260809-151724-779809__authorization-memory-writer__cybersecurity-v1-transfer-glm-5-2,10,GLM 5.2,glm_5_2_baseten
cyberv3_claim_artifact,incremental_typed,cybersecurity,2,true,artifact_signer,false,I,1,grant,8,profile_ea946ef08b3ffb84f0307968,0,cybersecurity:glm_5_2_baseten,1,/Users/tommasocerruti/Workspace/eal-bench/results/cybersecurity/20260809-151724-779809__authorization-memory-writer__cybersecurity-v1-transfer-glm-5-2,10,GLM 5.2,glm_5_2_baseten
cyberv3_claim_vpn,incremental_typed,cybersecurity,2,true,vpn_gateway,false,I,1,grant,8,profile_01bc3a45c51a2bc14c0e2799,0,cybersecurity:glm_5_2_baseten,1,/Users/tommasocerruti/Workspace/eal-bench/results/cybersecurity/20260809-151724-779809__authorization-memory-writer__cybersecurity-v1-transfer-glm-5-2,10,GLM 5.2,glm_5_2_baseten
cyberv3_claim_broker,incremental_typed,cybersecurity,2,true,message_broker,false,I,1,grant,8,profile_fd42fb1b1255db2e7bb8a5e1,0,cybersecurity:glm_5_2_baseten,1,/Users/tommasocerruti/Workspace/eal-bench/results/cybersecurity/20260809-151724-779809__authorization-memory-writer__cybersecurity-v1-transfer-glm-5-2,10,GLM 5.2,glm_5_2_baseten
cyberv3_claim_backup,incremental_typed,cybersecurity,2,true,backup_vault,false,I,1,grant,8,profile_d7ee36dfb601bfa6af29883d,0,cybersecurity:glm_5_2_baseten,1,/Users/tommasocerruti/Workspace/eal-bench/results/cybersecurity/20260809-151724-779809__authorization-memory-writer__cybersecurity-v1-transfer-glm-5-2,10,GLM 5.2,glm_5_2_baseten
cyberv3_claim_ca,incremental_typed,cybersecurity,2,true,certificate_authority,false,I,1,grant,8,profile_d4ce051a2097b36e59c4992d,0,cybersecurity:glm_5_2_baseten,1,/Users/tommasocerruti/Workspace/eal-bench/results/cybersecurity/20260809-151724-779809__authorization-memory-writer__cybersecurity-v1-transfer-glm-5-2,10,GLM 5.2,glm_5_2_baseten
cyberv3_claim_identity,incremental_typed,cybersecurity,1,true,identity_provider,true,I,1,grant,19,profile_09ce543bdb5a497ba9ef1cc6,1,cybersecurity:qwen_plus_0728_openrouter,0,/Users/tommasocerruti/Workspace/eal-bench/results/cybersecurity/20260809-155214-731411__authorization-memory-writer__cybersecurity-v1-transfer-qwen-plus-0728,10,Qwen Plus 2025-07-28,qwen_plus_0728_openrouter
cyberv3_claim_endpoint,incremental_typed,cybersecurity,1,true,endpoint_detection,false,I,1,grant,8,profile_4813ef276b68b353e7532baa,0,cybersecurity:qwen_plus_0728_openrouter,0,/Users/tommasocerruti/Workspace/eal-bench/results/cybersecurity/20260809-155214-731411__authorization-memory-writer__cybersecurity-v1-transfer-qwen-plus-0728,10,Qwen Plus 2025-07-28,qwen_plus_0728_openrouter
cyberv3_claim_vault,incremental_typed,cybersecurity,1,true,secrets_vault,false,I,1,grant,3,profile_9b4d73177511ef389a06f093,0,cybersecurity:qwen_plus_0728_openrouter,0,/Users/tommasocerruti/Workspace/eal-bench/results/cybersecurity/20260809-155214-731411__authorization-memory-writer__cybersecurity-v1-transfer-qwen-plus-0728,10,Qwen Plus 2025-07-28,qwen_plus_0728_openrouter
cyberv3_claim_kubernetes,incremental_typed,cybersecurity,1,true,kubernetes_control_plane,false,I,1,grant,12,profile_e0f10efd82b0f0c7b38ea5ec,0,cybersecurity:qwen_plus_0728_openrouter,0,/Users/tommasocerruti/Workspace/eal-bench/results/cybersecurity/20260809-155214-731411__authorization-memory-writer__cybersecurity-v1-transfer-qwen-plus-0728,10,Qwen Plus 2025-07-28,qwen_plus_0728_openrouter
cyberv3_claim_firewall,incremental_typed,cybersecurity,2,true,payment_firewall,true,I,1,grant,16,profile_cdb4a07631b1a36f1ea8053c,1,cybersecurity:qwen_plus_0728_openrouter,1,/Users/tommasocerruti/Workspace/eal-bench/results/cybersecurity/20260809-155214-731411__authorization-memory-writer__cybersecurity-v1-transfer-qwen-plus-0728,10,Qwen Plus 2025-07-28,qwen_plus_0728_openrouter
cyberv3_claim_storage,incremental_typed,cybersecurity,1,true,object_storage,false,I,1,grant,10,profile_c573fd55de8ee81d2316580c,0,cybersecurity:qwen_plus_0728_openrouter,0,/Users/tommasocerruti/Workspace/eal-bench/results/cybersecurity/20260809-155214-731411__authorization-memory-writer__cybersecurity-v1-transfer-qwen-plus-0728,10,Qwen Plus 2025-07-28,qwen_plus_0728_openrouter
cyberv3_claim_database,incremental_typed,cybersecurity,1,true,database_proxy,true,I,1,grant,19,profile_1e39bf6cf0500453f8ea349a,1,cybersecurity:qwen_plus_0728_openrouter,0,/Users/tommasocerruti/Workspace/eal-bench/results/cybersecurity/20260809-155214-731411__authorization-memory-writer__cybersecurity-v1-transfer-qwen-plus-0728,10,Qwen Plus 2025-07-28,qwen_plus_0728_openrouter
cyberv3_claim_runner,incremental_typed,cybersecurity,1,true,ci_runner,false,I,1,grant,4,profile_835dfbb3402567f9ce178037,0,cybersecurity:qwen_plus_0728_openrouter,0,/Users/tommasocerruti/Workspace/eal-bench/results/cybersecurity/20260809-155214-731411__authorization-memory-writer__cybersecurity-v1-transfer-qwen-plus-0728,10,Qwen Plus 2025-07-28,qwen_plus_0728_openrouter
cyberv3_claim_email,incremental_typed,cybersecurity,1,true,email_gateway,false,I,1,grant,10,profile_e718a6376ef46d708e941b36,0,cybersecurity:qwen_plus_0728_openrouter,0,/Users/tommasocerruti/Workspace/eal-bench/results/cybersecurity/20260809-155214-731411__authorization-memory-writer__cybersecurity-v1-transfer-qwen-plus-0728,10,Qwen Plus 2025-07-28,qwen_plus_0728_openrouter
cyberv3_claim_edge,incremental_typed,cybersecurity,1,true,cdn_edge,true,I,1,grant,19,profile_aeea89b1dfb6698a33467f30,1,cybersecurity:qwen_plus_0728_openrouter,0,/Users/tommasocerruti/Workspace/eal-bench/results/cybersecurity/20260809-155214-731411__authorization-memory-writer__cybersecurity-v1-transfer-qwen-plus-0728,10,Qwen Plus 2025-07-28,qwen_plus_0728_openrouter
cyberv3_claim_observability,incremental_typed,cybersecurity,1,true,observability_pipeline,false,I,1,grant,10,profile_772744e22edaed09be993370,0,cybersecurity:qwen_plus_0728_openrouter,0,/Users/tommasocerruti/Workspace/eal-bench/results/cybersecurity/20260809-155214-731411__authorization-memory-writer__cybersecurity-v1-transfer-qwen-plus-0728,10,Qwen Plus 2025-07-28,qwen_plus_0728_openrouter
cyberv3_claim_artifact,incremental_typed,cybersecurity,1,true,artifact_signer,false,I,1,grant,6,profile_8b8d2dfc2cb7641037b1e2cd,0,cybersecurity:qwen_plus_0728_openrouter,0,/Users/tommasocerruti/Workspace/eal-bench/results/cybersecurity/20260809-155214-731411__authorization-memory-writer__cybersecurity-v1-transfer-qwen-plus-0728,10,Qwen Plus 2025-07-28,qwen_plus_0728_openrouter
cyberv3_claim_vpn,incremental_typed,cybersecurity,1,true,vpn_gateway,false,I,1,grant,4,profile_c0bf655f8e6395555d8ff96b,0,cybersecurity:qwen_plus_0728_openrouter,0,/Users/tommasocerruti/Workspace/eal-bench/results/cybersecurity/20260809-155214-731411__authorization-memory-writer__cybersecurity-v1-transfer-qwen-plus-0728,10,Qwen Plus 2025-07-28,qwen_plus_0728_openrouter
cyberv3_claim_broker,incremental_typed,cybersecurity,1,true,message_broker,true,I,1,grant,19,profile_34ba5d9fc39f17d42168b6f3,2,cybersecurity:qwen_plus_0728_openrouter,0,/Users/tommasocerruti/Workspace/eal-bench/results/cybersecurity/20260809-155214-731411__authorization-memory-writer__cybersecurity-v1-transfer-qwen-plus-0728,10,Qwen Plus 2025-07-28,qwen_plus_0728_openrouter
cyberv3_claim_backup,incremental_typed,cybersecurity,1,true,backup_vault,false,I,1,grant,14,profile_f4128d1f66b3db594043ece5,0,cybersecurity:qwen_plus_0728_openrouter,0,/Users/tommasocerruti/Workspace/eal-bench/results/cybersecurity/20260809-155214-731411__authorization-memory-writer__cybersecurity-v1-transfer-qwen-plus-0728,10,Qwen Plus 2025-07-28,qwen_plus_0728_openrouter
cyberv3_claim_ca,incremental_typed,cybersecurity,1,true,certificate_authority,false,I,1,grant,10,profile_6d8214c48ac8a18f7f2d2a65,0,cybersecurity:qwen_plus_0728_openrouter,0,/Users/tommasocerruti/Workspace/eal-bench/results/cybersecurity/20260809-155214-731411__authorization-memory-writer__cybersecurity-v1-transfer-qwen-plus-0728,10,Qwen Plus 2025-07-28,qwen_plus_0728_openrouter
